Model,F2 Score
2^2,0.9316295303153687
2^3,0.9725488340899626
2^4,0.979206823697108
2^5,0.9515567342075746
